{"Category": "Furniture", "Postal Code": 42420, "Profit": 40.0, "Order Month": 7, "Order Year": 2022, "Shipping Delay": 3, "month_sin": -0.4999999999999997, "month_cos": -0.8660254037844388}